<?xml version="1.0" ?>

<!-- Note the patch identifier, same as directory name -->
<patch xmlns="urn:jboss:patch:1.0" id="modules-lume-produtos">
    <description>
        Módulos necessários para produtos lume
    </description>
    <no-upgrade name="WildFly" version="24.0.1.Final"/>

    <!-- Custom defined modules shall be installed as misc files -->
    <misc-files>
      <!-- since we are installing the module for the first time, use added element. -->
      <added  hash="370a1e2cb0b23b236f2b843d333c4cc82f26bb81" path="modules/org/primefaces/primefaces-extensions/main/module.xml"/>
      <added  hash="8d6e0f11730d41fedd647a3312a957d4b33afe47" path="modules/org/primefaces/primefaces-extensions/main/primefaces-extensions-10.0.0.jar"/>
      <added  hash="9f19606b00f30d9861d076cab7469b0eb537134b" path="modules/org/primefaces/main/module.xml"/>
      <added  hash="e32fd22721d5cd0f89fb0cb025b073248196d721" path="modules/org/primefaces/main/primefaces-10.0.0.jar"/>
      <added  hash="81bea983f5f7ce3341bf5cb7531dad085ca43eeb" path="modules/org/primefaces/main/owasp-java-html-sanitizer-20200713.1.jar"/>
      <added  hash="4035818e75b14b8b116be8a0ef8f1009073e031e" path="modules/org/postgres/main/postgresql-42.2.24.jar"/>
      <added  hash="7e72772c9896bc2c19620a6e32bbced9a7a2f6a9" path="modules/org/postgres/main/module.xml"/>
      <added  hash="f429000926956f530c26b32874a2b667ef4b963d" path="modules/org/eclipse/persistence/main/eclipselink.jar"/>
      <added  hash="b9acfac5789a6d72b05767a522e0415bc2ed9ae2" path="modules/org/eclipse/persistence/main/jipijapa-eclipselink-24.0.1.Final.jar"/>
      <added  hash="e705cbb3a57aa1ed64b2dd33c34757c1588e60ed" path="modules/org/eclipse/persistence/main/module.xml"/>
      <added  hash="8e69b7e38e60733aae2675cbcfbb93d38d1817e3" path="modules/org/primefaces-extensions/main/module.xml"/>
      <added  hash="2bfc5a19beef85066d9053d44cfb1dde0c104573" path="modules/org/primefaces-extensions/main/primefaces-extensions-10.0.3.jar"/>
      <added  hash="0239e4ddd7d8346a172ccc60f3067e3e55e9385a" path="modules/org/apache/commons/fileupload/main/module.xml"/>
      <added  hash="04ff14d809195b711fd6bcc87e6777f886730ca1" path="modules/org/apache/commons/fileupload/main/commons-fileupload-1.3.3.jar"/>
      <added  hash="7e65777fb451ddab6a9c054beb879e521b7eab78" path="modules/org/apache/commons/compress/main/commons-compress-1.19.jar"/>
      <added  hash="b90f69943c6119f9c34a0b6aa7692d77767ba483" path="modules/org/apache/commons/compress/main/module.xml"/>
      <added  hash="852885d562058979c05095c6faa3ff3fc637783e" path="modules/org/apache/commons/collections4/main/module.xml"/>
      <added  hash="62ebe7544cb7164d87e0637a2a6a2bdc981395e8" path="modules/org/apache/commons/collections4/main/commons-collections4-4.4.jar"/>
      <added  hash="42aaed6c0ff477b1ea65052f95226b746a48e879" path="modules/org/apache/xmlbeans/main/module.xml"/>
      <added  hash="6dac1f897dfb3e3f17fc79b18a3353b2e51c464e" path="modules/org/apache/xmlbeans/main/xmlbeans-3.1.0.jar"/>
      <added  hash="550cc22a598c0b0a51d1f55f8371e83c1229802d" path="modules/org/apache/poi/main/poi-ooxml-schemas-4.1.2.jar"/>
      <added  hash="ed29645278029b1de74476ecd0fdad3e57c6cc37" path="modules/org/apache/poi/main/module.xml"/>
      <added  hash="964bf41cf68bce08e4ef6b2279b559fdf8d454f4" path="modules/org/apache/poi/main/poi-4.1.2.jar"/>
      <added  hash="87d9a22aa9a7dd26e80c360e709f7ee02e32ab3b" path="modules/org/apache/poi/main/poi-ooxml-4.1.2.jar"/>
      <added  hash="e4ba98f1d4b3c80ec46392f25e094a6a2e58fcbf" path="modules/org/apache/poi/main/commons-math3-3.6.1.jar"/>
      <added  hash="d9ffe3bc39fd83a15ac7353005038955ecb1c183" path="modules/com/google/gson/main/module.xml"/>
      <added  hash="973e832af433b44c3ed11c426f2f390b29f3f3f8" path="modules/com/google/gson/main/gson-2.2.4.jar"/>
      <added  hash="b89415ad2a196d2fd52b5c0bddde1c028c75bf66" path="modules/com/ibm/db2/jcc/main/module.xml"/>
      <added  hash="e1b81b8e7ffee6cc56bbb77763bcca1b32496157" path="modules/com/ibm/db2/jcc/main/db2jcc4.jar"/>
      <added  hash="9d77809822c18a310369df4570f1a98d507da39f" path="modules/com/ibm/db2/jcc/main/db2jcc_license_cu.jar"/>
      <added  hash="5025baf10ea983047318b110ff1065b32465d66f" path="modules/javax/portlet/api/main/module.xml"/>
      <added  hash="700cf73d7fdc71780dac9ee13e0eb903e2636346" path="modules/javax/portlet/api/main/portlet-api-3.0.1.jar"/>
    </misc-files>

</patch>