<?xml version="1.0" encoding="UTF-8"?>

<!-- Represents the OpenJPA module  -->
<module name="org.apache.poi" xmlns="urn:jboss:module:1.5">
    <properties>
        <property name="jboss.api" value="public"/>
    </properties>

    <resources>
        <resource-root path="poi-4.1.2.jar"/>
	<resource-root path="poi-ooxml-4.1.2.jar"/> 
	<resource-root path="poi-ooxml-schemas-4.1.2.jar"/> 
	<resource-root path="commons-math3-3.6.1.jar"/>
    </resources>

<dependencies>
    <module name="org.apache.xmlbeans"/>
	<module name="org.apache.commons.collections4"/>
	<module name="org.apache.commons.compress"/>
  </dependencies>

</module>
